Valimisringkonna nr,Erakond,Kandidaat,Häälte arv
1,Eesti Vabaerakond,ANDRES HERKEL,222
1,Eesti Vabaerakond,ÕIE-MARI AASMÄE,43
1,Eesti Vabaerakond,JÜRI PINO,36
1,Eesti Vabaerakond,JAAK PROZES,35
1,Eesti Vabaerakond,AGE MINKA,27
1,Eesti Vabaerakond,JAANIKA KLOPETS,23
1,Eesti Vabaerakond,TÕNU TEEVEER,19
1,Eesti Vabaerakond,MARIKE LAHT,18
1,Eesti Vabaerakond,JAANUS OJANGU,15
1,Eesti Vabaerakond,SANDER KLAUSEN,12
1,Eesti Vabaerakond,JAANUS PAASOJA,9
1,Eesti Vabaerakond,PEETER LIINSOO,5
1,Eesti Reformierakond,KRISTEN MICHAL,6347
1,Eesti Reformierakond,HEIDY PURGA,4763
1,Eesti Reformierakond,ARTO AAS,2339
1,Eesti Reformierakond,SIGNE RIISALO,837
1,Eesti Reformierakond,ANTS LEEMETS,477
1,Eesti Reformierakond,MERIKE LANG,321
1,Eesti Reformierakond,LIIS KLAAR,307
1,Eesti Reformierakond,LEMBIT KOLK,274
1,Eesti Reformierakond,KRISTO ENN VAGA,248
1,Eesti Reformierakond,KATRIN HELENDI,181
1,Eesti Reformierakond,ANDRES ARO,104
1,Eesti Reformierakond,GEROL SILKIN,101
1,Erakond Eestimaa Rohelised,ZÜLEYXA IZMAILOVA,923
1,Erakond Eestimaa Rohelised,MATTIAS TUROVSKI,441
1,Erakond Eestimaa Rohelised,KADRI SIKK,131
1,Erakond Eestimaa Rohelised,ANNE VETIK,71
1,Erakond Eestimaa Rohelised,FIDEELIA-SIGNE ROOTS,64
1,Erakond Eestimaa Rohelised,KRISTINA SADOHHINA,35
1,Erakond Eestimaa Rohelised,EERO UUSTALU,30
1,Erakond Eestimaa Rohelised,HANNES LIITMÄE,30
1,Erakond Eestimaa Rohelised,MIHKEL TIGANIK,28
1,Erakond Eestimaa Rohelised,TARMO ANDRE ELVISTO,26
1,Erakond Eestimaa Rohelised,MAIGI KÄIGE,22
1,Erakond Eestimaa Rohelised,MARTTI PREEM,11
1,Sotsiaaldemokraatlik Erakond,SVEN MIKSER,1693
1,Sotsiaaldemokraatlik Erakond,RIINA SIKKUT,1610
1,Sotsiaaldemokraatlik Erakond,JAAK JUSKE,672
1,Sotsiaaldemokraatlik Erakond,ANDRUS VAARIK,495
1,Sotsiaaldemokraatlik Erakond,MARIANNE MIKKO,419
1,Sotsiaaldemokraatlik Erakond,ROY STRIDER,222
1,Sotsiaaldemokraatlik Erakond,SIIM TUISK,192
1,Sotsiaaldemokraatlik Erakond,MARIS SILD,101
1,Sotsiaaldemokraatlik Erakond,ERIKA SCHOLLER,98
1,Sotsiaaldemokraatlik Erakond,JOOSEP VIMM,81
1,Sotsiaaldemokraatlik Erakond,JEVGENI VAISBEIN,53
1,Elurikkuse Erakond,MIHKEL KANGUR,423
1,Elurikkuse Erakond,RIINU LEPA,43
1,Elurikkuse Erakond,RIINA SOONE,42
1,Elurikkuse Erakond,ALLAN KOKKOTA,33
1,Elurikkuse Erakond,ALLAN PROOSO,32
1,Elurikkuse Erakond,SIIRI TIIVITS-PUTTONEN,27
1,Elurikkuse Erakond,ÜLO MÄNGEL,25
1,Elurikkuse Erakond,KERTU NAMSING,14
1,Eesti Konservatiivne Rahvaerakond,URMAS REITELMANN,2585
1,Eesti Konservatiivne Rahvaerakond,URMAS ESPENBERG,1974
1,Eesti Konservatiivne Rahvaerakond,ARGO LUUDE,353
1,Eesti Konservatiivne Rahvaerakond,ÕNNELI MATT,314
1,Eesti Konservatiivne Rahvaerakond,TOIVO TASA,305
1,Eesti Konservatiivne Rahvaerakond,GEORG KIRSBERG,199
1,Eesti Konservatiivne Rahvaerakond,EDA RÜÜTEL,146
1,Eesti Konservatiivne Rahvaerakond,ANTS MILLER,122
1,Eesti Konservatiivne Rahvaerakond,KARL OLAF RÄÄK,106
1,Eesti Konservatiivne Rahvaerakond,KÜLLI REMSU,103
1,Eesti Konservatiivne Rahvaerakond,RIHO RAUSMA,101
1,Eesti Konservatiivne Rahvaerakond,URMAS SIEMER,53
1,Erakond Eesti 200,LIINA NORMET,1048
1,Erakond Eesti 200,MAREK REINAAS,537
1,Erakond Eesti 200,PIRKO KONSA,161
1,Erakond Eesti 200,MARGOT ROOSE,152
1,Erakond Eesti 200,TIIA SIHVER,144
1,Erakond Eesti 200,KARIN KAUP-LAPÕNIN,120
1,Erakond Eesti 200,VALERI IVANOV,113
1,Erakond Eesti 200,IVAR SOONE,104
1,Erakond Eesti 200,AHTI KALLASTE,95
1,Erakond Eesti 200,MARIANNA KAAT,73
1,Erakond Eesti 200,HENRY SINIVEE,66
1,Erakond Eesti 200,MAARIKA NEILINN,22
1,Eesti Keskerakond,RAIMOND KALJULAID,7303
1,Eesti Keskerakond,VADIM BELOBROVTSEV,1969
1,Eesti Keskerakond,MAREK JÜRGENSON,1813
1,Eesti Keskerakond,VIKTOR VASSILJEV,1708
1,Eesti Keskerakond,ANDREI NOVIKOV,1144
1,Eesti Keskerakond,ANDREI KOROBEINIK,1133
1,Eesti Keskerakond,NATALIA MALLEUS,584
1,Eesti Keskerakond,JAANUS RIIBE,336
1,Eesti Keskerakond,KALEV KALLO,289
1,Eesti Keskerakond,EHA VÕRK,273
1,Eesti Keskerakond,JÜRI ENNET,248
1,Eestimaa Ühendatud Vasakpartei,OLEG TESLA,70
1,Isamaa Erakond,TARMO KRUUSIMÄE,1811
1,Isamaa Erakond,MART LUIK,829
1,Isamaa Erakond,HELEN HÄÄL,459
1,Isamaa Erakond,PRIIDU PÄRNA,451
1,Isamaa Erakond,TIIT MEREN,292
1,Isamaa Erakond,PILLE LILL,261
1,Isamaa Erakond,VOOTELE HANSEN,227
1,Isamaa Erakond,AVO ÜPRUS,224
1,Isamaa Erakond,PEETER VÕSU,138
1,Isamaa Erakond,IMRE RAMMUL,122
1,Isamaa Erakond,KARL SANDER KASE,99
1,Üksikkandidaadid,MARGUS SAAR,216
1,Üksikkandidaadid,HANNES VESKIMÄE,112
2,Eesti Vabaerakond,NEEME KUNINGAS,202
2,Eesti Vabaerakond,KAJA JAKOBSON,77
2,Eesti Vabaerakond,TAAVI SIMSON,29
2,Eesti Vabaerakond,SIIM TUUR,25
2,Eesti Vabaerakond,ARVET LINDSTRÖM,21
2,Eesti Vabaerakond,HARLY KIRSPUU,15
2,Eesti Vabaerakond,MATI ROOSNURM,14
2,Eesti Vabaerakond,MART MUTSO,13
2,Eesti Vabaerakond,EVE VIIDALEPP,12
2,Eesti Vabaerakond,EVE OSA,12
2,Eesti Vabaerakond,ANDRES LINTS,9
2,Eesti Vabaerakond,AVE LOSSMANN,7
2,Eesti Vabaerakond,IIVI ZAJEDOVA,7
2,Eesti Vabaerakond,ALDO VAINO,6
2,Eesti Vabaerakond,ALAR TINNUS,2
2,Eesti Reformierakond,SIIM KALLAS,8733
2,Eesti Reformierakond,KEIT PENTUS-ROSIMANNUS,2482
2,Eesti Reformierakond,KRISTINA ŠMIGUN-VÄHI,2002
2,Eesti Reformierakond,ANDRES SUTT,1905
2,Eesti Reformierakond,IVI EENMAA,932
2,Eesti Reformierakond,TOOMAS KRUUSIMÄGI,566
2,Eesti Reformierakond,ÜLLE RAJASALU,561
2,Eesti Reformierakond,JUHAN KANGILASKI,310
2,Eesti Reformierakond,KAUPO NÕLVAK,304
2,Eesti Reformierakond,HELEN MAHMASTOL,154
2,Eesti Reformierakond,MARGIT ELVISTE,137
2,Eesti Reformierakond,TAAVI TOPPI,129
2,Eesti Reformierakond,TIIT SOORM,69
2,Eesti Reformierakond,RAINAR ENDEN,65
2,Eesti Reformierakond,MEELIS SOLL,51
2,Erakond Eestimaa Rohelised,ALEKSANDER LAANE,383
2,Erakond Eestimaa Rohelised,HEIKI VALNER,270
2,Erakond Eestimaa Rohelised,REET HÄRMAT,183
2,Erakond Eestimaa Rohelised,LAURA LISETE ROOSAAR,144
2,Erakond Eestimaa Rohelised,HELINA TILK,139
2,Erakond Eestimaa Rohelised,OLEV-ANDRES TINN,62
2,Erakond Eestimaa Rohelised,OSKAR-ALEKSANDER LESMENT,54
2,Erakond Eestimaa Rohelised,VOOTELE VAHER,52
2,Erakond Eestimaa Rohelised,ALEKSANDER POTOTSKI,51
2,Erakond Eestimaa Rohelised,ANNALIISA ASVEIT,45
2,Erakond Eestimaa Rohelised,RENE KUULMANN,30
2,Erakond Eestimaa Rohelised,ALLAN TALU,17
2,Erakond Eestimaa Rohelised,ULVI KOOP,14
2,Erakond Eestimaa Rohelised,MAKSIM ERIKSSON,14
2,Erakond Eestimaa Rohelised,ÜLLE RINGMÄE,13
2,Sotsiaaldemokraatlik Erakond,JEVGENI OSSINOVSKI,2680
2,Sotsiaaldemokraatlik Erakond,MADLE LIPPUS,478
2,Sotsiaaldemokraatlik Erakond,TRIIN TOOMESAAR,476
2,Sotsiaaldemokraatlik Erakond,MONIKA HAUKANÕMM,456
2,Sotsiaaldemokraatlik Erakond,BARBI-JENNY PILVRE-STORGARD,371
2,Sotsiaaldemokraatlik Erakond,ANASTASSIA KOVALENKO,357
2,Sotsiaaldemokraatlik Erakond,ANDREI HVOSTOV,240
2,Sotsiaaldemokraatlik Erakond,KARL-MARTIN SINIJÄRV,203
2,Sotsiaaldemokraatlik Erakond,MAIMU BERG,162
2,Sotsiaaldemokraatlik Erakond,KRISTA KAMPUS,131
2,Sotsiaaldemokraatlik Erakond,JAAK ALLIK,124
2,Sotsiaaldemokraatlik Erakond,KRISTEL RANNAÄÄRE,111
2,Sotsiaaldemokraatlik Erakond,KIRILL KLAUS,49
2,Sotsiaaldemokraatlik Erakond,ALLAN KALJAKIN,32
2,Sotsiaaldemokraatlik Erakond,MIHHAIL BELJAJEV,26
2,Elurikkuse Erakond,TOOMAS TRAPIDO,363
2,Elurikkuse Erakond,HELEN ORAV-KOTTA,91
2,Elurikkuse Erakond,PIRET RÄNI,79
2,Elurikkuse Erakond,EVE RANDVERE,47
2,Elurikkuse Erakond,MADIS MARK,30
2,Elurikkuse Erakond,TEET RANDMA,26
2,Elurikkuse Erakond,REET POOM,21
2,Elurikkuse Erakond,JÜRI KÕUK ROOST,13
2,Elurikkuse Erakond,JAANUS-JUHAN ILLEND,12
2,Eesti Konservatiivne Rahvaerakond,LEO KUNNAS,4813
2,Eesti Konservatiivne Rahvaerakond,ENDEL OJA,528
2,Eesti Konservatiivne Rahvaerakond,MAIT TALU,279
2,Eesti Konservatiivne Rahvaerakond,MARE LIIGER,275
2,Eesti Konservatiivne Rahvaerakond,HASSO UUETOA,224
2,Eesti Konservatiivne Rahvaerakond,URMAS SIMON,163
2,Eesti Konservatiivne Rahvaerakond,KAIRET REMMAK-GRASSMANN,154
2,Eesti Konservatiivne Rahvaerakond,RAUL ÖPIK,137
2,Eesti Konservatiivne Rahvaerakond,VILJO TAMM,132
2,Erakond Eesti 200,KRISTINA KALLAS,2306
2,Erakond Eesti 200,GRIGORE-KALEV STOICESCU,395
2,Erakond Eesti 200,MEELIS NIINEPUU,241
2,Erakond Eesti 200,MART SANDER,221
2,Erakond Eesti 200,TOOMAS UIBO,149
2,Erakond Eesti 200,ERIK VEST,106
2,Erakond Eesti 200,AARE LAPÕNIN,72
2,Erakond Eesti 200,PAVEL STARKOV,61
2,Erakond Eesti 200,ANNE KAHRU,45
2,Erakond Eesti 200,ALEKSEI JAŠIN,43
2,Erakond Eesti 200,AVE TALU,34
2,Erakond Eesti 200,JULIA RUSTAMOVA,31
2,Erakond Eesti 200,ALEKSANDR MAIOROV,22
2,Erakond Eesti 200,ÜLLE KASK,20
2,Erakond Eesti 200,PIRET KÜRBIS,15
2,Eesti Keskerakond,MIHHAIL KÕLVART,17150
2,Eesti Keskerakond,MAILIS REPS,2069
2,Eesti Keskerakond,MIHHAIL KORB,1114
2,Eesti Keskerakond,MARIA JUFEREVA-SKURATOVSKI,1011
2,Eesti Keskerakond,VLADIMIR SVET,980
2,Eesti Keskerakond,ERKI SAVISAAR,653
2,Eesti Keskerakond,TÕNIS MÖLDER,633
2,Eesti Keskerakond,KALLE KLANDORF,492
2,Eesti Keskerakond,SERGEI PTŠJOLKIN,460
2,Eesti Keskerakond,JÜRI KUUSKEMAA,423
2,Eesti Keskerakond,MÄRT SULTS,422
2,Eesti Keskerakond,IMRE SOOÄÄR,349
2,Eesti Keskerakond,TANEL KIIK,237
2,Eesti Keskerakond,IRINA EMBRICH,200
2,Eesti Keskerakond,PEETER MARDNA,142
2,Eestimaa Ühendatud Vasakpartei,ANDREI ORPONEN,113
2,Isamaa Erakond,VIKTORIA LADÕNSKAJA-KUBITS,1259
2,Isamaa Erakond,SVEN SESTER,1154
2,Isamaa Erakond,RIINA SOLMAN,906
2,Isamaa Erakond,LAGLE PAREK,595
2,Isamaa Erakond,MADIS PÄTS,283
2,Isamaa Erakond,KALEV VAPPER,271
2,Isamaa Erakond,HELDUR-VALDEK SEEDER,252
2,Isamaa Erakond,JÜRI TREI,141
2,Isamaa Erakond,TOIVO JÜRGENSON,121
2,Isamaa Erakond,ILLIMAR LEPPIK VON WIRÉN,106
2,Isamaa Erakond,TIIT MATSULEVITŠ,83
2,Isamaa Erakond,JAAK AHELIK,82
2,Isamaa Erakond,INGO NORMET,76
2,Isamaa Erakond,LEA NILSON,56
2,Isamaa Erakond,TIIT NABER,31
2,Üksikkandidaadid,HANDO TÕNUMAA,191
2,Üksikkandidaadid,MAARIKA PÄHKLEMÄE,75
2,Üksikkandidaadid,EGE HIRV,39
2,Üksikkandidaadid,SERGEI SVJATUŠENKO,24
3,Eesti Vabaerakond,AIN LUTSEPP,427
3,Eesti Vabaerakond,MERIKE VÄRIK,81
3,Eesti Vabaerakond,EPP ALATALU,66
3,Eesti Vabaerakond,TÕNU PLOOMPUU,44
3,Eesti Vabaerakond,ALEKSANDR DORMIDONTOV,37
3,Eesti Vabaerakond,KAJA VAJAK,17
3,Eesti Vabaerakond,MARGUS RAHA,16
3,Eesti Vabaerakond,ANNE HANSBERG,11
3,Eesti Vabaerakond,TÕNU ARU,8
3,Eesti Vabaerakond,VIKTORIA LUKATS,7
3,Eesti Reformierakond,URMAS PAET,8584
3,Eesti Reformierakond,MARIS LAURI,4331
3,Eesti Reformierakond,VILJA TOOMAST,953
3,Eesti Reformierakond,JOHANNES KERT,708
3,Eesti Reformierakond,EERO MERILIND,429
3,Eesti Reformierakond,ÕNNE PILLAK,379
3,Eesti Reformierakond,ART KUUM,344
3,Eesti Reformierakond,STEN LAANSOO,242
3,Eesti Reformierakond,TÕNU MEIJEL,140
3,Eesti Reformierakond,TOOMAS KÄRK,99
3,Erakond Eestimaa Rohelised,KASPAR KURVE,438
3,Erakond Eestimaa Rohelised,TÕNU TRUBETSKY,226
3,Erakond Eestimaa Rohelised,KATRIN JÕGISAAR,193
3,Erakond Eestimaa Rohelised,TIIU ROOSMA,149
3,Erakond Eestimaa Rohelised,KARIN PÕLDOJA,74
3,Erakond Eestimaa Rohelised,ERROL VARES,56
3,Erakond Eestimaa Rohelised,AGU KIVIMÄGI,29
3,Erakond Eestimaa Rohelised,URVE MADAR,28
3,Erakond Eestimaa Rohelised,ANNE ARTUS,20
3,Erakond Eestimaa Rohelised,ANDREI KIISLER,14
3,Sotsiaaldemokraatlik Erakond,HELVE SÄRGAVA,1466
3,Sotsiaaldemokraatlik Erakond,RAINER VAKRA,1440
3,Sotsiaaldemokraatlik Erakond,MART MERI,407
3,Sotsiaaldemokraatlik Erakond,SILVER MEIKAR,271
3,Sotsiaaldemokraatlik Erakond,KÜLLI URB,238
3,Sotsiaaldemokraatlik Erakond,OLGA SÕTNIK,227
3,Sotsiaaldemokraatlik Erakond,ANTO LIIVAT,224
3,Sotsiaaldemokraatlik Erakond,JAAK KANGILASKI,160
3,Sotsiaaldemokraatlik Erakond,MERLI REIDOLF,159
3,Sotsiaaldemokraatlik Erakond,OLEV REMSU,59
3,Elurikkuse Erakond,LAURI TÕNSPOEG,313
3,Elurikkuse Erakond,OTT KÖSTNER,87
3,Elurikkuse Erakond,ANDRES VESPER,84
3,Elurikkuse Erakond,JÜRI PETERSON,60
3,Eesti Konservatiivne Rahvaerakond,MARTIN HELME,5967
3,Eesti Konservatiivne Rahvaerakond,KADRI VILBA,367
3,Eesti Konservatiivne Rahvaerakond,EVE PÄRNASTE,296
3,Eesti Konservatiivne Rahvaerakond,MART KALLAS,102
3,Eesti Konservatiivne Rahvaerakond,JÜRI BÖHM,72
3,Eesti Konservatiivne Rahvaerakond,RAIVO PÕHJAKIVI,70
3,Eesti Konservatiivne Rahvaerakond,WESSE ALLIK,57
3,Eesti Konservatiivne Rahvaerakond,AIN PEDAJAS,52
3,Eesti Konservatiivne Rahvaerakond,TÕNIS TÄHE,50
3,Eesti Konservatiivne Rahvaerakond,ANDRE PERE,22
3,Erakond Eesti 200,LAURI HUSSAR,1300
3,Erakond Eesti 200,TIIT ELENURM,287
3,Erakond Eesti 200,ÜLO PIKKOV,216
3,Erakond Eesti 200,SIIRI LEHTMETS,94
3,Erakond Eesti 200,TIIT PAPP,92
3,Erakond Eesti 200,ANDRES INGERMAN,81
3,Erakond Eesti 200,KAROLIINA OONA RANNE,81
3,Erakond Eesti 200,EDUARD FINAGIN,63
3,Erakond Eesti 200,MAREK KARM,61
3,Erakond Eesti 200,HANNO PÜTTSEPP,40
3,Eesti Keskerakond,TAAVI AAS,3925
3,Eesti Keskerakond,LAURI LAATS,3251
3,Eesti Keskerakond,IGOR KRAVTŠENKO,1223
3,Eesti Keskerakond,KERSTIN-OUDEKKI LOONE,820
3,Eesti Keskerakond,TIIT TERIK,799
3,Eesti Keskerakond,EDUARD TOMAN,617
3,Eesti Keskerakond,HELLE KALDA,447
3,Eesti Keskerakond,MERIKE MARTINSON,363
3,Eesti Keskerakond,ANDRA VEIDEMANN,350
3,Eesti Keskerakond,GRETE ŠILLIS,150
3,Eestimaa Ühendatud Vasakpartei,IGOR ROSENFELD,37
3,Isamaa Erakond,URMAS REINSALU,2633
3,Isamaa Erakond,MART NUTT,1135
3,Isamaa Erakond,ELLE KULL,413
3,Isamaa Erakond,TRIVIMI VELLISTE,340
3,Isamaa Erakond,ANDRES ÖPIK,153
3,Isamaa Erakond,URMAS MARDI,109
3,Isamaa Erakond,INDREK LUBERG,108
3,Isamaa Erakond,KRISTIAN TASKA,97
3,Isamaa Erakond,ANNE EENPALU,67
3,Isamaa Erakond,ANDRES ERGMA,31
3,Üksikkandidaadid,KALJU MÄTIK,1197
3,Üksikkandidaadid,VEIKO TANI,1199
4,Eesti Vabaerakond,JUKU-KALLE RAID,497
4,Eesti Vabaerakond,TIIA VÄLK,122
4,Eesti Vabaerakond,TIIU KUURME,114
4,Eesti Vabaerakond,JAAK VACKERMANN,56
4,Eesti Vabaerakond,MIHHAIL JALLAJAS,51
4,Eesti Vabaerakond,RAIVO KOKSER,50
4,Eesti Vabaerakond,KRISTO KRUMM,29
4,Eesti Vabaerakond,VAHUR HERM,27
4,Eesti Vabaerakond,REIN REBANE,23
4,Eesti Vabaerakond,SIIRI KÄPA,21
4,Eesti Vabaerakond,KAIE HERKEL,18
4,Eesti Vabaerakond,ELDAR TOONVERK,14
4,Eesti Vabaerakond,PEETER LUKAS,14
4,Eesti Vabaerakond,SUIDO SAARMETS,13
4,Eesti Vabaerakond,DEIN-TOM TÕNSING,12
4,Eesti Vabaerakond,RIINA KURG,11
4,Eesti Vabaerakond,AARE PERNIK,6
4,Eesti Reformierakond,KAJA KALLAS,20072
4,Eesti Reformierakond,MARKO MIHKELSON,3655
4,Eesti Reformierakond,AIVAR SÕERD,2476
4,Eesti Reformierakond,MADIS MILLING,2310
4,Eesti Reformierakond,KALLE PALLING,1655
4,Eesti Reformierakond,MART VÕRKLAEV,1025
4,Eesti Reformierakond,TIMO SUSLOV,781
4,Eesti Reformierakond,VLADAS RADVILAVIČIUS,569
4,Eesti Reformierakond,ANDRUS UMBOJA,562
4,Eesti Reformierakond,TIIT VAHENÕMM,270
4,Eesti Reformierakond,KADRI KURM,262
4,Eesti Reformierakond,LAINE RANDJÄRV,245
4,Eesti Reformierakond,OTT KASURI,213
4,Eesti Reformierakond,JAAN ALVER,176
4,Eesti Reformierakond,TIINA RÜHKA,174
4,Eesti Reformierakond,MARKO RAUDLAM,101
4,Eesti Reformierakond,LIANA NÕGENE,25
4,Erakond Eestimaa Rohelised,ANU NATALY SAAGIM-RATIA,608
4,Erakond Eestimaa Rohelised,JAKKO VÄLI,236
4,Erakond Eestimaa Rohelised,JOONAS LAKS,232
4,Erakond Eestimaa Rohelised,LAURA KIIROJA,207
4,Erakond Eestimaa Rohelised,KATRIN LEHTVEER,89
4,Erakond Eestimaa Rohelised,TIIU-ANN KALDMA,56
4,Erakond Eestimaa Rohelised,MAI MIKK,48
4,Erakond Eestimaa Rohelised,HANNES METS,40
4,Erakond Eestimaa Rohelised,ANDRES MEESAK,36
4,Erakond Eestimaa Rohelised,ANDREI GUDIM,29
4,Erakond Eestimaa Rohelised,ANNE VAHEMÄE,29
4,Erakond Eestimaa Rohelised,PAVEL KRÕLATOV,20
4,Erakond Eestimaa Rohelised,GERT HÄUSLER,15
4,Erakond Eestimaa Rohelised,AUL PEDAJAS,13
4,Erakond Eestimaa Rohelised,CHRISTINA RANNIT,13
4,Erakond Eestimaa Rohelised,ERKO SOOPALU,8
4,Erakond Eestimaa Rohelised,KALLE OLUMETS,7
4,Sotsiaaldemokraatlik Erakond,MARINA KALJURAND,5504
4,Sotsiaaldemokraatlik Erakond,RENE TAMMIST,506
4,Sotsiaaldemokraatlik Erakond,KADRI KÕUSAAR,240
4,Sotsiaaldemokraatlik Erakond,HARDI VOLMER,219
4,Sotsiaaldemokraatlik Erakond,TÕNIS BLANK,187
4,Sotsiaaldemokraatlik Erakond,TÕNU OJA,177
4,Sotsiaaldemokraatlik Erakond,TANEL TALVE,156
4,Sotsiaaldemokraatlik Erakond,PILLE PETERSOO,123
4,Sotsiaaldemokraatlik Erakond,MADIS ROODLA,114
4,Sotsiaaldemokraatlik Erakond,MERIKE METSTAK,101
4,Sotsiaaldemokraatlik Erakond,OTT VALDMA,94
4,Sotsiaaldemokraatlik Erakond,AIN PINNONEN,70
4,Sotsiaaldemokraatlik Erakond,MATI ÕUNLOO,36
4,Sotsiaaldemokraatlik Erakond,ILJA BORODKIN,32
4,Sotsiaaldemokraatlik Erakond,AIN BÖCKLER,28
4,Sotsiaaldemokraatlik Erakond,JÜRI-SAIMON KUUSEMETS,27
4,Sotsiaaldemokraatlik Erakond,MARK TENIN,7
4,Elurikkuse Erakond,ARTUR TALVIK,822
4,Elurikkuse Erakond,EHA METSALLIK,135
4,Elurikkuse Erakond,VAL RAJASAAR,130
4,Elurikkuse Erakond,HELI PIISANG,114
4,Elurikkuse Erakond,LIIS TRUUBON,50
4,Elurikkuse Erakond,MARIKA JAHILO,43
4,Elurikkuse Erakond,PAAVO EENSALU,37
4,Elurikkuse Erakond,KAJA KARU-ESPENBERG,30
4,Elurikkuse Erakond,JAANUS SAADVE,27
4,Elurikkuse Erakond,RIHO KIRMJÕE,18
4,Elurikkuse Erakond,KALLE VIRKUS,15
4,Elurikkuse Erakond,MADIS IGANÕMM,12
4,Elurikkuse Erakond,URMAS EELMÄE,10
4,Eesti Konservatiivne Rahvaerakond,HENN PÕLLUAAS,7390
4,Eesti Konservatiivne Rahvaerakond,SIIM POHLAK,4152
4,Eesti Konservatiivne Rahvaerakond,RENE KOKK,1458
4,Eesti Konservatiivne Rahvaerakond,KAI RIMMEL,873
4,Eesti Konservatiivne Rahvaerakond,JAANUS HÄRMS,445
4,Eesti Konservatiivne Rahvaerakond,PAUL PUUSTUSMAA,419
4,Eesti Konservatiivne Rahvaerakond,ROLAND TÕNISSON,252
4,Eesti Konservatiivne Rahvaerakond,MEELIS ROSENFELD,252
4,Eesti Konservatiivne Rahvaerakond,MART JÄRVIK,223
4,Eesti Konservatiivne Rahvaerakond,TÕNU URVA,201
4,Eesti Konservatiivne Rahvaerakond,RUDOLF JEESER,186
4,Eesti Konservatiivne Rahvaerakond,ALAR VALGE,183
4,Eesti Konservatiivne Rahvaerakond,PEETER KRALL,169
4,Erakond Eesti 200,PRIIT ALAMÄE,1811
4,Erakond Eesti 200,MONIKA SALU,394
4,Erakond Eesti 200,ANDO KIVIBERG,356
4,Erakond Eesti 200,SANDRA JÄRV,239
4,Erakond Eesti 200,JÜRI LEHTMETS,152
4,Erakond Eesti 200,TAAVI TOOM,148
4,Erakond Eesti 200,TERJE BACHMANN,106
4,Erakond Eesti 200,JAAK RAIE,94
4,Erakond Eesti 200,NADEŽDA GRETŠNEVKINA,70
4,Erakond Eesti 200,LEINO MÄGI,61
4,Erakond Eesti 200,HILJE SAVOLAINEN,55
4,Erakond Eesti 200,JOEL JESSE,49
4,Erakond Eesti 200,RAIVO MERERAND,45
4,Erakond Eesti 200,MARKO NUMMERT,27
4,Erakond Eesti 200,HILLAR JOON,24
4,Erakond Eesti 200,ARKO OKK,23
4,Erakond Eesti 200,TOOMAS TEPOMES,15
4,Eesti Keskerakond,JÜRI RATAS,9702
4,Eesti Keskerakond,VLADIMIR ARHIPOV,944
4,Eesti Keskerakond,KAIDO HÖÖVELSON,642
4,Eesti Keskerakond,VLADIMIR VELMAN,496
4,Eesti Keskerakond,AIVAR RIISALU,315
4,Eesti Keskerakond,OLEG TŠUBAROV,243
4,Eesti Keskerakond,TOOMAS VITSUT,226
4,Eesti Keskerakond,KRISTIINA HEINMETS-AIGRO,222
4,Eesti Keskerakond,ILJA BAN,204
4,Eesti Keskerakond,JAANUS KALEV,195
4,Eesti Keskerakond,HANS LIIBEK,126
4,Eesti Keskerakond,KERSTI MÄNNIK,89
4,Eesti Keskerakond,INDREK UUEMAA,86
4,Eesti Keskerakond,JÜRI VÕIGEMAST,80
4,Eesti Keskerakond,VIIVE ROSENBERG,67
4,Eesti Keskerakond,AIVAR ROOP,33
4,Eesti Keskerakond,ERKI TAMMLEHT,11
4,Eestimaa Ühendatud Vasakpartei,JULIA SOMMER,83
4,Isamaa Erakond,JÜRI LUIK,4806
4,Isamaa Erakond,HEIKI HEPNER,962
4,Isamaa Erakond,MARI-ANN KELAM,745
4,Isamaa Erakond,TOOMAS TÕNISTE,479
4,Isamaa Erakond,KALLE MUULI,431
4,Isamaa Erakond,TANEL OTS,409
4,Isamaa Erakond,ARVI KAROTAM,407
4,Isamaa Erakond,ANDRES LAISK,396
4,Isamaa Erakond,GERLI LEHE,277
4,Isamaa Erakond,VILLU KARU,266
4,Isamaa Erakond,KAUPO RÄTSEPP,258
4,Isamaa Erakond,ANDRES KAARMANN,218
4,Isamaa Erakond,LEEMET VAIKMAA,137
4,Isamaa Erakond,PRIIT PÕLDMÄE,110
4,Isamaa Erakond,MART RANNUT,77
4,Isamaa Erakond,MADIS KÜBAR,76
4,Isamaa Erakond,ANN RÄÄMET,40
4,Üksikkandidaadid,RISTO NAHKOR,108
4,Üksikkandidaadid,KAIDO KOOKMAA,29
4,Üksikkandidaadid,VELLO KOOKMAA,28
5,Eesti Vabaerakond,TIINA KANGRO,366
5,Eesti Vabaerakond,ELGE HÄRMA,89
5,Eesti Vabaerakond,EGON ERKMANN,75
5,Eesti Vabaerakond,ANNE KIIDER,67
5,Eesti Vabaerakond,MIKKO NÕUKAS,16
5,Eesti Vabaerakond,JANEK OSTRA,12
5,Eesti Vabaerakond,OLEV VAHER,10
5,Eesti Vabaerakond,JANUS TUUR,9
5,Eesti Reformierakond,KALLE LAANET,3344
5,Eesti Reformierakond,URVE TIIDUS,2617
5,Eesti Reformierakond,AIVAR VIIDIK,893
5,Eesti Reformierakond,JAANUS RATAS,824
5,Eesti Reformierakond,MAIRE FORSEL,460
5,Eesti Reformierakond,HEIKI KRANICH,390
5,Eesti Reformierakond,TIIU ARO,331
5,Eesti Reformierakond,JAANUS MÜÜR,291
5,Erakond Eestimaa Rohelised,ALEKSEI LOTMAN,320
5,Erakond Eestimaa Rohelised,RASMUS LAHTVEE,100
5,Erakond Eestimaa Rohelised,LOORE HÄRMAT,72
5,Erakond Eestimaa Rohelised,STEVE TRUUMETS,39
5,Erakond Eestimaa Rohelised,KRISTEN KANNIK,35
5,Erakond Eestimaa Rohelised,MERIKE KURVITS,25
5,Erakond Eestimaa Rohelised,KRISSIKA KAST,25
5,Erakond Eestimaa Rohelised,MARET MERISAAR,23
5,Sotsiaaldemokraatlik Erakond,REILI RAND,918
5,Sotsiaaldemokraatlik Erakond,MADIS KALLAS,812
5,Sotsiaaldemokraatlik Erakond,NEEME SUUR,640
5,Sotsiaaldemokraatlik Erakond,HEIKI HANSO,355
5,Sotsiaaldemokraatlik Erakond,KAIRIT LINDMÄE,249
5,Sotsiaaldemokraatlik Erakond,HERGO TASUJA,208
5,Sotsiaaldemokraatlik Erakond,SILVI TEESALU,141
5,Sotsiaaldemokraatlik Erakond,KAIDO SIPELGAS,91
5,Elurikkuse Erakond,KAUPO VIPP,198
5,Elurikkuse Erakond,ENN KALJO,40
5,Elurikkuse Erakond,SIRKKA PINTMANN,32
5,Elurikkuse Erakond,SILJA REEMET,31
5,Elurikkuse Erakond,MÄRT RANDOJA,30
5,Elurikkuse Erakond,ENRI PAHAPILL,19
5,Eesti Konservatiivne Rahvaerakond,HELLE-MOONIKA HELME,3202
5,Eesti Konservatiivne Rahvaerakond,JAEN TEÄR,1124
5,Eesti Konservatiivne Rahvaerakond,HARDI REHKALT,722
5,Eesti Konservatiivne Rahvaerakond,AGNES PULK,653
5,Eesti Konservatiivne Rahvaerakond,DANIEL MEREÄÄR,442
5,Eesti Konservatiivne Rahvaerakond,TOOMAS VALLIMÄE,367
5,Eesti Konservatiivne Rahvaerakond,MARTIN JUDANOV,231
5,Eesti Konservatiivne Rahvaerakond,ILLE PALUSALU,153
5,Erakond Eesti 200,KOIT KELDER,903
5,Erakond Eesti 200,TOOMAS KASEMAA,163
5,Erakond Eesti 200,KEITH SIILATS,89
5,Erakond Eesti 200,JAANIKA ROOSMAN,85
5,Erakond Eesti 200,LARS UUS,50
5,Erakond Eesti 200,ANU UIBO,49
5,Erakond Eesti 200,MARTIN VAHIMETS,35
5,Erakond Eesti 200,ANDRI SIMO,30
5,Eesti Keskerakond,ENN EESMAA,1805
5,Eesti Keskerakond,JAANUS KARILAID,1661
5,Eesti Keskerakond,MIHKEL UNDREST,1024
5,Eesti Keskerakond,ANTTI LEIGRI,427
5,Eesti Keskerakond,REA RAUS,303
5,Eesti Keskerakond,MAIRE KÄÄRID,258
5,Eesti Keskerakond,AIVAR ARU,149
5,Eesti Keskerakond,ÜLLAR NEEMRAND,109
5,Eestimaa Ühendatud Vasakpartei,DIANA KOOR,13
5,Isamaa Erakond,RAIVO AEG,1451
5,Isamaa Erakond,MART MAASTIK,523
5,Isamaa Erakond,ANTI TOPLAAN,473
5,Isamaa Erakond,KAIDO KAASIK,372
5,Isamaa Erakond,TOOMAS SCHMIDT,221
5,Isamaa Erakond,GEORG LINKOV,141
5,Isamaa Erakond,TIIT HARJAK,90
5,Isamaa Erakond,TÕNU MUNK,76
5,Üksikkandidaadid,HARRY RAUDVERE,406
6,Eesti Vabaerakond,PAVO RAUDSEPP,87
6,Eesti Vabaerakond,PIRET PIHEL,37
6,Eesti Vabaerakond,REIN KOTŠIN,21
6,Eesti Vabaerakond,AVE PÜTSEPP,15
6,Eesti Vabaerakond,KOIT KUUSK,12
6,Eesti Vabaerakond,MARJE SALVE,8
6,Eesti Vabaerakond,VEANA HEINMETS,5
6,Eesti Reformierakond,TAAVI RÕIVAS,2847
6,Eesti Reformierakond,MARKO TORM,1298
6,Eesti Reformierakond,KATRIN KUUSEMÄE,640
6,Eesti Reformierakond,MATI RAIDMA,617
6,Eesti Reformierakond,INDREK KESKÜLA,547
6,Eesti Reformierakond,RIHO TELL,228
6,Eesti Reformierakond,LEO AADEL,219
6,Erakond Eestimaa Rohelised,ANDRES JAADLA,106
6,Erakond Eestimaa Rohelised,JAANUS NURMOJA,51
6,Erakond Eestimaa Rohelised,REIGO LEHTLA,42
6,Erakond Eestimaa Rohelised,RIINA ODNENKO,40
6,Erakond Eestimaa Rohelised,AARE VEEDLA,30
6,Erakond Eestimaa Rohelised,ALLAN JAAKUS,27
6,Erakond Eestimaa Rohelised,VEERA KOSTINA,14
6,Sotsiaaldemokraatlik Erakond,INDREK SAAR,1332
6,Sotsiaaldemokraatlik Erakond,ENE AUGASMÄGI,329
6,Sotsiaaldemokraatlik Erakond,KAIRIT PIHLAK,201
6,Sotsiaaldemokraatlik Erakond,KELLY KONETSKI-RAMUL,178
6,Sotsiaaldemokraatlik Erakond,EERIK LUMISTE,163
6,Sotsiaaldemokraatlik Erakond,MARGUS PUNANE,142
6,Sotsiaaldemokraatlik Erakond,GARRI RAAGMAA,83
6,Elurikkuse Erakond,LAURI KLEIN,116
6,Elurikkuse Erakond,CORNELIA KOTTO,46
6,Elurikkuse Erakond,JÜRI-ILLIMAR REINBERG-ŠESTAKOV,13
6,Eesti Konservatiivne Rahvaerakond,ANTI POOLAMETS,3335
6,Eesti Konservatiivne Rahvaerakond,AARNE MÄE,818
6,Eesti Konservatiivne Rahvaerakond,MARTI KUUSIK,657
6,Eesti Konservatiivne Rahvaerakond,TANEL TARKMEES,317
6,Eesti Konservatiivne Rahvaerakond,LEO BERGSTRÖM,291
6,Eesti Konservatiivne Rahvaerakond,UNO TRUMM,229
6,Eesti Konservatiivne Rahvaerakond,AIGAR PÕDER,121
6,Erakond Eesti 200,ANNES NAAN,310
6,Erakond Eesti 200,ELMU KOPPELMANN,145
6,Erakond Eesti 200,MADIS VIISE,91
6,Erakond Eesti 200,MARKO TEIVA,80
6,Erakond Eesti 200,TRIIN SIHVER,80
6,Erakond Eesti 200,TARMO TAMM,75
6,Erakond Eesti 200,AHTO NEIDEK,47
6,Eesti Keskerakond,SIRET KOTKA-REPINSKI,2095
6,Eesti Keskerakond,TOOMAS VÄINASTE,930
6,Eesti Keskerakond,TRIIN VAREK,912
6,Eesti Keskerakond,MAKSIM BUTŠENKOV,465
6,Eesti Keskerakond,JELENA FJODOROVA,396
6,Eesti Keskerakond,HANS KRUUSAMÄGI,306
6,Eesti Keskerakond,JAAN MÄNNIK,267
6,Eestimaa Ühendatud Vasakpartei,ANDREI ANISSIMOV,12
6,Isamaa Erakond,ÜLLAR SAAREMÄE,2023
6,Isamaa Erakond,MARKO POMERANTS,1989
6,Isamaa Erakond,EINAR VALLBAUM,423
6,Isamaa Erakond,TÕNIS PRULER,401
6,Isamaa Erakond,ALARI KIRT,313
6,Isamaa Erakond,MIHKEL JUHKAMI,177
6,Isamaa Erakond,TAMARA VAHTRA-AASMETS,135
7,Eesti Vabaerakond,JANE SNAITH,50
7,Eesti Vabaerakond,KARINA KÜPPAS,43
7,Eesti Vabaerakond,SIRJE PALLO,22
7,Eesti Vabaerakond,INNA ROSE,11
7,Eesti Vabaerakond,DENISS TIŠTŠENKO,8
7,Eesti Vabaerakond,LIDIA RETTIJEVA,6
7,Eesti Vabaerakond,MULJE KULLERKUP,5
7,Eesti Vabaerakond,ASKO SIRP,3
7,Eesti Vabaerakond,ANDO KUURA,1
7,Eesti Reformierakond,EERIK-NIILES KROSS,1110
7,Eesti Reformierakond,AIVAR SURVA,880
7,Eesti Reformierakond,MARIS TOOMEL,448
7,Eesti Reformierakond,ANDREA EICHE,416
7,Eesti Reformierakond,SERGEI GORLATŠ,279
7,Eesti Reformierakond,TOOMAS NÕMMISTE,268
7,Eesti Reformierakond,PRIIT PALMET,211
7,Eesti Reformierakond,MERIKE PERI,91
7,Eesti Reformierakond,OLESJA OJAMÄE,66
7,Erakond Eestimaa Rohelised,TIMUR SAGITOV,77
7,Erakond Eestimaa Rohelised,MÄRT PÕDER,44
7,Erakond Eestimaa Rohelised,OLGA GUDKOVA,32
7,Erakond Eestimaa Rohelised,DARJA VORONTSOVA,13
7,Erakond Eestimaa Rohelised,ANETTE-MARLEN OTT,13
7,Erakond Eestimaa Rohelised,ROMAN MUTONEN,9
7,Erakond Eestimaa Rohelised,ALEKSEI NEHOROŠKIN,7
7,Erakond Eestimaa Rohelised,LEONID MIRONOV,5
7,Erakond Eestimaa Rohelised,ELEONORA LOGINOVA,4
7,Sotsiaaldemokraatlik Erakond,KATRI RAIK,2112
7,Sotsiaaldemokraatlik Erakond,EDUARD ODINETS,573
7,Sotsiaaldemokraatlik Erakond,MAKSIM ILJIN,369
7,Sotsiaaldemokraatlik Erakond,ANTON PRATKUNAS,271
7,Sotsiaaldemokraatlik Erakond,ANTS KUTTI,211
7,Sotsiaaldemokraatlik Erakond,ETTI KAGAROV,181
7,Sotsiaaldemokraatlik Erakond,SERGEI SOLOVJOV,107
7,Sotsiaaldemokraatlik Erakond,TATJANA OLESK,98
7,Sotsiaaldemokraatlik Erakond,PAVEL PROKOPENKO,86
7,Elurikkuse Erakond,KAJA TOIKKA,95
7,Elurikkuse Erakond,AGO SAMOSON,11
7,Eesti Konservatiivne Rahvaerakond,RIHO BREIVEL,979
7,Eesti Konservatiivne Rahvaerakond,KERSTI KRACHT,373
7,Eesti Konservatiivne Rahvaerakond,ARVO ALLER,283
7,Eesti Konservatiivne Rahvaerakond,KALEV PRITS,175
7,Eesti Konservatiivne Rahvaerakond,MARI-LIIS LILLEMETS,118
7,Eesti Konservatiivne Rahvaerakond,EVELIN POOLAMETS,107
7,Eesti Konservatiivne Rahvaerakond,RINGO RIIVES,94
7,Eesti Konservatiivne Rahvaerakond,TIIT RAUD,74
7,Eesti Konservatiivne Rahvaerakond,ANDRES PIIBELEHT,31
7,Erakond Eesti 200,AHTI PUUR,454
7,Erakond Eesti 200,JANA PAVLENKOVA,209
7,Erakond Eesti 200,SVETLANA SKREBNEVA,91
7,Erakond Eesti 200,NIKITA LUMIJÕE,67
7,Erakond Eesti 200,MIHHAIL DERBNEV,60
7,Erakond Eesti 200,JÜRI KÄOSAAR,51
7,Erakond Eesti 200,DARJA BERESTOVA,37
7,Erakond Eesti 200,STANISLAV TITUŠKO,36
7,Erakond Eesti 200,VIKTOR GOLUBJATNIKOV,6
7,Eesti Keskerakond,YANA TOOM,6195
7,Eesti Keskerakond,MIHHAIL STALNUHHIN,2653
7,Eesti Keskerakond,MARTIN REPINSKI,976
7,Eesti Keskerakond,DMITRI DMITRIJEV,943
7,Eesti Keskerakond,VALERI KORB,798
7,Eesti Keskerakond,TARMO TAMMISTE,632
7,Eesti Keskerakond,MAKSIM VOLKOV,619
7,Eesti Keskerakond,EEVI PAASMÄE,529
7,Eestimaa Ühendatud Vasakpartei,VIKTOR MALÕGIN,65
7,Isamaa Erakond,MARJA-LIISA VEISER,448
7,Isamaa Erakond,TIIT SALVAN,382
7,Isamaa Erakond,SIIM VALMAR KIISLER,379
7,Isamaa Erakond,AIVO TAMM,148
7,Isamaa Erakond,ARTUR PÕLD,135
7,Isamaa Erakond,ARNO STRAUCH,119
7,Isamaa Erakond,JANEK RAIK,81
7,Isamaa Erakond,ANDRES NOORMÄGI,42
7,Isamaa Erakond,VALENTINA GUROVA,33
8,Eesti Vabaerakond,ARLET PALMISTE,101
8,Eesti Vabaerakond,AIN OSTRA,68
8,Eesti Vabaerakond,MARI-LIIS TAHKER,28
8,Eesti Vabaerakond,AIN AUKSIMÄE,21
8,Eesti Vabaerakond,OLEV RAHNU,20
8,Eesti Vabaerakond,JÜRMO SILLASTE,15
8,Eesti Vabaerakond,HEIKI RIPS,12
8,Eesti Vabaerakond,MARGUS SARDIS,10
8,Eesti Vabaerakond,HANNO KIRSCHFELDT,6
8,Eesti Reformierakond,JÜRGEN LIGI,6069
8,Eesti Reformierakond,YOKO ALENDER,997
8,Eesti Reformierakond,RAIT PIHELGAS,593
8,Eesti Reformierakond,TAIMO TUGI,459
8,Eesti Reformierakond,TÕNU JUUL,422
8,Eesti Reformierakond,MADIS TIMPSON,413
8,Eesti Reformierakond,SULEV KANNIMÄE,371
8,Eesti Reformierakond,MATI SADAM,296
8,Eesti Reformierakond,TARMO ALT,157
8,Erakond Eestimaa Rohelised,HANNES PUU,129
8,Erakond Eestimaa Rohelised,HELI KUUSE,97
8,Erakond Eestimaa Rohelised,ELO-MARIA ROOTS,45
8,Erakond Eestimaa Rohelised,KRISTJAN ROHTLA,42
8,Erakond Eestimaa Rohelised,ARVI TAPVER,20
8,Erakond Eestimaa Rohelised,ERKO ELMIK,16
8,Erakond Eestimaa Rohelised,TIINA RAMMUL,13
8,Erakond Eestimaa Rohelised,EVELI PERMANSON,11
8,Erakond Eestimaa Rohelised,JÜRI-JOONAS KEREM,4
8,Sotsiaaldemokraatlik Erakond,HELMEN KÜTT,2194
8,Sotsiaaldemokraatlik Erakond,LAURI LÄÄNEMETS,994
8,Sotsiaaldemokraatlik Erakond,JUHAN-MART SALUMÄE,509
8,Sotsiaaldemokraatlik Erakond,SIRET PIHELGAS,421
8,Sotsiaaldemokraatlik Erakond,PIRET AUS,241
8,Sotsiaaldemokraatlik Erakond,KÜLVAR MAND,156
8,Sotsiaaldemokraatlik Erakond,TONIO TAMRA,66
8,Sotsiaaldemokraatlik Erakond,KAAREL ORUMÄGI,60
8,Sotsiaaldemokraatlik Erakond,TAMBET SOVA,41
8,Elurikkuse Erakond,ÜLLE KULDKEPP,101
8,Elurikkuse Erakond,RIINA EIGI,80
8,Elurikkuse Erakond,JANICA SEPP,60
8,Elurikkuse Erakond,PRIIT-KALEV PARTS,57
8,Elurikkuse Erakond,PEEP TOBRELUTS,52
8,Eesti Konservatiivne Rahvaerakond,JAAK MADISON,5612
8,Eesti Konservatiivne Rahvaerakond,KALLE GRÜNTHAL,740
8,Eesti Konservatiivne Rahvaerakond,REIN SUURKASK,456
8,Eesti Konservatiivne Rahvaerakond,ENN SARV,441
8,Eesti Konservatiivne Rahvaerakond,HELI KOIT,436
8,Eesti Konservatiivne Rahvaerakond,MEDI MEIKAR,287
8,Eesti Konservatiivne Rahvaerakond,PRIIT JÜRJENS,190
8,Eesti Konservatiivne Rahvaerakond,TARMO HINTS,122
8,Eesti Konservatiivne Rahvaerakond,ANDO TULVIK,105
8,Erakond Eesti 200,RUSLAN TROCHYNSKYI,384
8,Erakond Eesti 200,KALLE KALLAS,148
8,Erakond Eesti 200,ANGELIKA NARIS,113
8,Erakond Eesti 200,KRISTER KALLAS,97
8,Erakond Eesti 200,RAUL ALLIKSAAR,97
8,Erakond Eesti 200,MARJU MÄGER,89
8,Erakond Eesti 200,LAURI VAIKSAAR,72
8,Erakond Eesti 200,TATJANA JÜRGEN,43
8,Erakond Eesti 200,TIIA PIIRIMEES,17
8,Eesti Keskerakond,JAAK AAB,2227
8,Eesti Keskerakond,KERSTI SARAPUU,1394
8,Eesti Keskerakond,PEETER RAHNEL,1019
8,Eesti Keskerakond,HELMUT HALLEMAA,700
8,Eesti Keskerakond,GETTER KLAAS,245
8,Eesti Keskerakond,HEIDY TAMME,236
8,Eesti Keskerakond,RAIVO MATSINA,215
8,Eesti Keskerakond,KARL ÕMBLUS,158
8,Eesti Keskerakond,AADO OHERD,59
8,Eestimaa Ühendatud Vasakpartei,DIANA NÕMBERG-KLAUS,13
8,Isamaa Erakond,HELIR-VALDOR SEEDER,3138
8,Isamaa Erakond,KAIA IVA,1526
8,Isamaa Erakond,ALAR KARU,531
8,Isamaa Erakond,PRIIT VÄRK,341
8,Isamaa Erakond,VALTER VAHA,170
8,Isamaa Erakond,JÜRI ELLRAM,160
8,Isamaa Erakond,HERMANN KALMUS,144
8,Isamaa Erakond,JANIKA GEDVIL,132
8,Isamaa Erakond,KASPAR KAARJAS,34
8,Üksikkandidaadid,JÜRI MALSUB,90
9,Eesti Vabaerakond,ELO LUTSEPP,207
9,Eesti Vabaerakond,MÄRT LÄÄNEMETS,84
9,Eesti Vabaerakond,MÄRT MEESAK,76
9,Eesti Vabaerakond,KAIDO VÄLJAOTS,62
9,Eesti Vabaerakond,KATRIN HAUK,38
9,Eesti Vabaerakond,URMAS HEINASTE,36
9,Eesti Vabaerakond,ELAR PLOOMIPUU,33
9,Eesti Vabaerakond,TIIT URVA,18
9,Eesti Vabaerakond,TAUNO KURE,17
9,Eesti Reformierakond,URMAS KRUUSE,5398
9,Eesti Reformierakond,VALDO RANDPERE,2079
9,Eesti Reformierakond,TOOMAS JÄRVEOJA,1494
9,Eesti Reformierakond,ERKKI KELDO,722
9,Eesti Reformierakond,RAIVO MEITUS,510
9,Eesti Reformierakond,ILLARI LÄÄN,388
9,Eesti Reformierakond,AIVAR SAARELA,293
9,Eesti Reformierakond,ÜLVI NOOL-KÕRE,287
9,Eesti Reformierakond,MERILI RANNISTE,228
9,Erakond Eestimaa Rohelised,KAI KÜNNIS-BERES,240
9,Erakond Eestimaa Rohelised,HENRY LAKS,165
9,Erakond Eestimaa Rohelised,KÜLLIKE REIMAA,59
9,Erakond Eestimaa Rohelised,IVO-HANNES LEHTSALU,37
9,Erakond Eestimaa Rohelised,RIINA PERNAU,33
9,Erakond Eestimaa Rohelised,ALO KAASIK,25
9,Erakond Eestimaa Rohelised,ERKI SAKSING,22
9,Erakond Eestimaa Rohelised,ARVO KUIV,21
9,Erakond Eestimaa Rohelised,TAAVO SAVIK,14
9,Sotsiaaldemokraatlik Erakond,EIKI NESTOR,1491
9,Sotsiaaldemokraatlik Erakond,JÜRI MOROZOV,735
9,Sotsiaaldemokraatlik Erakond,PRIIT LOMP,503
9,Sotsiaaldemokraatlik Erakond,MARIKA SAAR,367
9,Sotsiaaldemokraatlik Erakond,MARGUS MÖLDRI,220
9,Sotsiaaldemokraatlik Erakond,MAANO KOEMETS,205
9,Sotsiaaldemokraatlik Erakond,JARNO LAUR,198
9,Sotsiaaldemokraatlik Erakond,MATI KEPP,91
9,Sotsiaaldemokraatlik Erakond,JAAN SÕRRA,81
9,Elurikkuse Erakond,PEETER LEPISK,163
9,Elurikkuse Erakond,ANNELI PALO,146
9,Elurikkuse Erakond,KÜLLI ORG,45
9,Elurikkuse Erakond,TAUNO LAASIK,44
9,Elurikkuse Erakond,TOOMAS FREY,41
9,Eesti Konservatiivne Rahvaerakond,PEETER ERNITS,3846
9,Eesti Konservatiivne Rahvaerakond,RAIVO PÕLDARU,1414
9,Eesti Konservatiivne Rahvaerakond,MALLE PÄRN,1197
9,Eesti Konservatiivne Rahvaerakond,KERT KINGO,1082
9,Eesti Konservatiivne Rahvaerakond,AARE RÜÜTEL,565
9,Eesti Konservatiivne Rahvaerakond,ÜLLE ROSIN,557
9,Eesti Konservatiivne Rahvaerakond,AIVAR ÕUN,325
9,Eesti Konservatiivne Rahvaerakond,AIVO LILL,278
9,Eesti Konservatiivne Rahvaerakond,KRISTIAN SUVE,98
9,Erakond Eesti 200,ALEKSANDR ŠIROKOV,453
9,Erakond Eesti 200,ÜLLE PÄRL,453
9,Erakond Eesti 200,KADI PLOOM,278
9,Erakond Eesti 200,EVELIN PÄRL,131
9,Erakond Eesti 200,MAARIKA KUKK,116
9,Erakond Eesti 200,MARGUS PÄRSIK,115
9,Erakond Eesti 200,RONALD LAARMAA,114
9,Erakond Eesti 200,VÄINO UIBO,74
9,Erakond Eesti 200,KAARE PÕDER,55
9,Eesti Keskerakond,MARIKA TUUS-LAUL,2095
9,Eesti Keskerakond,JANEK MÄGGI,1671
9,Eesti Keskerakond,JAAN ÕUNAPUU,791
9,Eesti Keskerakond,PEEP PÕDDER,414
9,Eesti Keskerakond,MAX KAUR,404
9,Eesti Keskerakond,PEETER LAASIK,313
9,Eesti Keskerakond,AARE OLGO,281
9,Eesti Keskerakond,ANDRES VÄÄN,276
9,Eesti Keskerakond,TARMO TOMSON,193
9,Eestimaa Ühendatud Vasakpartei,TIINA RADIONOV,34
9,Isamaa Erakond,RAIVO TAMM,2583
9,Isamaa Erakond,AIVAR KOKK,2536
9,Isamaa Erakond,EVA KAMS,660
9,Isamaa Erakond,TIIT LÄÄNE,498
9,Isamaa Erakond,IVAR TEDREMA,312
9,Isamaa Erakond,RAIN SANGERNEBO,253
9,Isamaa Erakond,AARE ANDERSON,232
9,Isamaa Erakond,JAANA PUUR,144
9,Isamaa Erakond,HELDUR LÄÄNE,90
10,Eesti Vabaerakond,KUIDO NÕMM,430
10,Eesti Vabaerakond,VAHUR KOLLOM,117
10,Eesti Vabaerakond,MART KIVASTIK,106
10,Eesti Vabaerakond,ALVAR TIPP,44
10,Eesti Vabaerakond,HEIKI LILL,38
10,Eesti Vabaerakond,LAILI JÕGIAAS,29
10,Eesti Vabaerakond,KRISTO KARU,27
10,Eesti Vabaerakond,KAIDO KALLAVUS,22
10,Eesti Vabaerakond,HERLE GERASSIMOVA,18
10,Eesti Vabaerakond,HEINO RITSMAN,6
10,Eesti Reformierakond,URMAS KLAAS,6119
10,Eesti Reformierakond,ANTS LAANEOTS,3053
10,Eesti Reformierakond,SIGNE KIVI,1356
10,Eesti Reformierakond,HELE EVERAUS,1110
10,Eesti Reformierakond,MARGIT SUTROP,1082
10,Eesti Reformierakond,URMAS SIIGUR,940
10,Eesti Reformierakond,RAIMOND TAMM,792
10,Eesti Reformierakond,AIRIS MEIER,389
10,Eesti Reformierakond,RENO LAIDRE,354
10,Eesti Reformierakond,ANDRUS PUNT,309
10,Erakond Eestimaa Rohelised,MARKO KAASIK,362
10,Erakond Eestimaa Rohelised,REA SEPPING,109
10,Erakond Eestimaa Rohelised,INGA PLOOMIPUU,100
10,Erakond Eestimaa Rohelised,RAUL KÜBARSEPP,96
10,Erakond Eestimaa Rohelised,JÜRI GINTER,88
10,Erakond Eestimaa Rohelised,HELLE KAASIK,75
10,Erakond Eestimaa Rohelised,MERILY VAKKER,49
10,Erakond Eestimaa Rohelised,RUTH TAMMEORG,27
10,Erakond Eestimaa Rohelised,JAAN OLARI,20
10,Erakond Eestimaa Rohelised,ELMER JOANDI,13
10,Sotsiaaldemokraatlik Erakond,HELJO PIKHOF,1522
10,Sotsiaaldemokraatlik Erakond,MARJU LAURISTIN,1172
10,Sotsiaaldemokraatlik Erakond,GEA KANGILASKI,802
10,Sotsiaaldemokraatlik Erakond,TOOMAS JÜRGENSTEIN,735
10,Sotsiaaldemokraatlik Erakond,OTT MAIDRE,263
10,Sotsiaaldemokraatlik Erakond,LEMMIT KAPLINSKI,215
10,Sotsiaaldemokraatlik Erakond,MEELIS LUHT,131
10,Sotsiaaldemokraatlik Erakond,ASKO TAMME,98
10,Sotsiaaldemokraatlik Erakond,ANTS JOHANSON,85
10,Sotsiaaldemokraatlik Erakond,TÕNU INTS,64
10,Elurikkuse Erakond,MART JÜSSI,320
10,Elurikkuse Erakond,AHTO KAASIK,281
10,Eesti Konservatiivne Rahvaerakond,JAAK VALGE,2740
10,Eesti Konservatiivne Rahvaerakond,INDREK SÄRG,2223
10,Eesti Konservatiivne Rahvaerakond,INDREK KALDA,689
10,Eesti Konservatiivne Rahvaerakond,RUUBEN KAALEP,566
10,Eesti Konservatiivne Rahvaerakond,INDREK HIRV,295
10,Eesti Konservatiivne Rahvaerakond,HEIKI VILEP,247
10,Eesti Konservatiivne Rahvaerakond,MERIKE LUMI,246
10,Eesti Konservatiivne Rahvaerakond,AIN EHARI,241
10,Eesti Konservatiivne Rahvaerakond,AARE TAMM,200
10,Eesti Konservatiivne Rahvaerakond,MAREH KALDA,194
10,Erakond Eesti 200,KRISTIINA TÕNNISSON,775
10,Erakond Eesti 200,MARGUS TSAHKNA,612
10,Erakond Eesti 200,TANEL TEIN,530
10,Erakond Eesti 200,KADRI HALLER-KIKKATALO,166
10,Erakond Eesti 200,JAAK LAINESTE,153
10,Erakond Eesti 200,PILLE TSOPP-PAGAN,130
10,Erakond Eesti 200,JÜRI-OTT SALM,106
10,Erakond Eesti 200,ISMAIL MIRZOJEV,87
10,Erakond Eesti 200,KARIN JÕKS,59
10,Erakond Eesti 200,KIRILL AVDEJEV,59
10,Eesti Keskerakond,AADU MUST,2370
10,Eesti Keskerakond,JAAN TOOTS,871
10,Eesti Keskerakond,JELENA FRUNZE,732
10,Eesti Keskerakond,NIKOLAI PÕDRAMÄGI,683
10,Eesti Keskerakond,VLADIMIR ŠOKMAN,383
10,Eesti Keskerakond,IRINA PANOVA,335
10,Eesti Keskerakond,MARINA RIISALU,202
10,Eesti Keskerakond,VIKTOR TRASBERG,200
10,Eesti Keskerakond,MONICA RAND,164
10,Eesti Keskerakond,MADIS LEPAJÕE,159
10,Eestimaa Ühendatud Vasakpartei,VIIVI-HELBE PELJUHHOVSKA,30
10,Isamaa Erakond,TÕNIS LUKAS,2506
10,Isamaa Erakond,MIHHAIL LOTMAN,1086
10,Isamaa Erakond,LAURI VAHTRE,876
10,Isamaa Erakond,EVA-LIISA LUHAMETS,277
10,Isamaa Erakond,ANNELI KANNUS,221
10,Isamaa Erakond,KASPAR KOKK,145
10,Isamaa Erakond,PRIIT HUMAL,141
10,Isamaa Erakond,FRIEDRICH KAASIK,75
10,Isamaa Erakond,TARVO SIILABERG,56
10,Isamaa Erakond,JAAN VAIKSAAR,33
11,Eesti Vabaerakond,KAUL NURM,222
11,Eesti Vabaerakond,MARIKA PARV,157
11,Eesti Vabaerakond,ANNIKA TOOTS,59
11,Eesti Vabaerakond,ÜLLAR VANA,40
11,Eesti Vabaerakond,URMAS OTT,33
11,Eesti Vabaerakond,KATI KONGO,22
11,Eesti Vabaerakond,KRISTI VARUL,21
11,Eesti Vabaerakond,TÕNIS LUKATS,19
11,Eesti Vabaerakond,URMET KÜLAOTS,19
11,Eesti Vabaerakond,MIHKEL MÄLLO,14
11,Eesti Reformierakond,HANNO PEVKUR,3595
11,Eesti Reformierakond,LIINA KERSNA,2343
11,Eesti Reformierakond,MAIDO RUUSMANN,1093
11,Eesti Reformierakond,ANDRUS SEEME,764
11,Eesti Reformierakond,AIVAR ROSENBERG,512
11,Eesti Reformierakond,MARGUS LEPIK,449
11,Eesti Reformierakond,ÜLO NEEDO,428
11,Eesti Reformierakond,ANTI HAUGAS,379
11,Eesti Reformierakond,PEETER SIBUL,302
11,Eesti Reformierakond,EINIKE MÖLDER,164
11,Erakond Eestimaa Rohelised,INGA RAITAR,269
11,Erakond Eestimaa Rohelised,ZOJA MELLOV,63
11,Erakond Eestimaa Rohelised,STINA RAMMUL,28
11,Erakond Eestimaa Rohelised,ARVI MATVEI,19
11,Erakond Eestimaa Rohelised,EVE ROOTS,16
11,Erakond Eestimaa Rohelised,HARRI TILK,13
11,Erakond Eestimaa Rohelised,MOONIKA MALMRE,12
11,Erakond Eestimaa Rohelised,MARGARITA RANDVIIR,9
11,Erakond Eestimaa Rohelised,MEIDI TIIMUS,6
11,Erakond Eestimaa Rohelised,PIRET KÄIGE,5
11,Sotsiaaldemokraatlik Erakond,IVARI PADAR,1457
11,Sotsiaaldemokraatlik Erakond,ANTI ALLAS,789
11,Sotsiaaldemokraatlik Erakond,KALVI KÕVA,605
11,Sotsiaaldemokraatlik Erakond,REIN RANDVER,499
11,Sotsiaaldemokraatlik Erakond,INARA LUIGAS,404
11,Sotsiaaldemokraatlik Erakond,SIRJE TOBRELUTS,401
11,Sotsiaaldemokraatlik Erakond,KAUPO KUTSAR,315
11,Sotsiaaldemokraatlik Erakond,TARMO TAMM,268
11,Sotsiaaldemokraatlik Erakond,REIN JÄRVELILL,216
11,Sotsiaaldemokraatlik Erakond,MAIRE MURUMAA,80
11,Elurikkuse Erakond,RAINER KUUBA,416
11,Elurikkuse Erakond,AIRI HALLIK-KONNULA,141
11,Elurikkuse Erakond,ÜLLE KAUKSI,126
11,Elurikkuse Erakond,EDA VEEROJA,85
11,Elurikkuse Erakond,OLIVER LOODE,43
11,Elurikkuse Erakond,REIN LEPP,40
11,Elurikkuse Erakond,LILIAN FREIBERG,24
11,Elurikkuse Erakond,ALEXANDER LINNAMÄE,18
11,Elurikkuse Erakond,REIN EINASTO,12
11,Eesti Konservatiivne Rahvaerakond,UNO KASKPEIT,3802
11,Eesti Konservatiivne Rahvaerakond,MERRY AART,1245
11,Eesti Konservatiivne Rahvaerakond,TIIT KALA,1033
11,Eesti Konservatiivne Rahvaerakond,INDREK KÄO,991
11,Eesti Konservatiivne Rahvaerakond,ANTS TAUL,814
11,Eesti Konservatiivne Rahvaerakond,KALMAR LUISK,786
11,Eesti Konservatiivne Rahvaerakond,JÜRI KAVER,716
11,Eesti Konservatiivne Rahvaerakond,ARNO SILD,575
11,Eesti Konservatiivne Rahvaerakond,MEELIS AIANURM,480
11,Eesti Konservatiivne Rahvaerakond,GAIUS GIL,202
11,Erakond Eesti 200,IGOR TARO,1007
11,Erakond Eesti 200,EINAR VISNAPUU,260
11,Erakond Eesti 200,EPP PETRONE,139
11,Erakond Eesti 200,MERLIS PAJUSTIK,118
11,Erakond Eesti 200,MIKK MÄESAAR,90
11,Erakond Eesti 200,KRISTA SILDOJA,77
11,Erakond Eesti 200,HERKO SUNTS,74
11,Erakond Eesti 200,ARE SELGE,72
11,Erakond Eesti 200,KATRIN JÕGEVA,43
11,Erakond Eesti 200,MARGIT LAIL,29
11,Eesti Keskerakond,TARMO TAMM,2824
11,Eesti Keskerakond,ESTER KARUSE,1665
11,Eesti Keskerakond,ANNELI OTT,1474
11,Eesti Keskerakond,HEIMAR LENK,1176
11,Eesti Keskerakond,ÜLO TULIK,559
11,Eesti Keskerakond,JANIKA USIN,450
11,Eesti Keskerakond,ANDRE LAINE,326
11,Eesti Keskerakond,ÜLLE JUHT,325
11,Eesti Keskerakond,JAANUS RAIDAL,242
11,Eesti Keskerakond,JÜRI SAAR,156
11,Isamaa Erakond,PRIIT SIBUL,1406
11,Isamaa Erakond,MEELIS MÕTTUS,644
11,Isamaa Erakond,ULLA PREEDEN,510
11,Isamaa Erakond,MERLE JÄÄGER,474
11,Isamaa Erakond,KURMET MÜÜRSEPP,273
11,Isamaa Erakond,MONIKA ROGENBAUM,271
11,Isamaa Erakond,ARNE TILK,224
11,Isamaa Erakond,KALLE VISTER,169
11,Isamaa Erakond,TOOMAS PIIRMANN,135
11,Isamaa Erakond,AIN PAJO,47
11,Üksikkandidaadid,ÜLLAR KRUUSTIK,112
11,Üksikkandidaadid,TANEL HÄIDKIND,61
12,Eesti Vabaerakond,TOOMAS ALATALU,190
12,Eesti Vabaerakond,HELI KÜNNAPAS,151
12,Eesti Vabaerakond,ELMO JOA,49
12,Eesti Vabaerakond,ALLAR SAU,28
12,Eesti Vabaerakond,ÜLLE ORAV,19
12,Eesti Vabaerakond,FREDY VABRIT,18
12,Eesti Vabaerakond,REIN PRINS,14
12,Eesti Vabaerakond,DANDY ROSENBERG,9
12,Eesti Vabaerakond,JÜRGEN POST,3
12,Eesti Reformierakond,TOOMAS KIVIMÄGI,5202
12,Eesti Reformierakond,ANNELY AKKERMANN,2397
12,Eesti Reformierakond,JÜRI JAANSON,1139
12,Eesti Reformierakond,MARIKA VALTER,526
12,Eesti Reformierakond,TOOMAS RÕHU,421
12,Eesti Reformierakond,JÜRI LEBEDEV,372
12,Eesti Reformierakond,ANDRES MÕIS,289
12,Eesti Reformierakond,MADIS KOIT,268
12,Eesti Reformierakond,MEELI PÄRNA,246
12,Erakond Eestimaa Rohelised,KRISTER KIVI,246
12,Erakond Eestimaa Rohelised,MIKK PÄRNITS,52
12,Erakond Eestimaa Rohelised,TIIA KÕNNUSSAAR,50
12,Erakond Eestimaa Rohelised,ANU PALUOJA,36
12,Erakond Eestimaa Rohelised,KRISTA LEHARI,34
12,Erakond Eestimaa Rohelised,JOHANNES SARAPUU,30
12,Erakond Eestimaa Rohelised,TIINA KILKSON,26
12,Erakond Eestimaa Rohelised,MARGIT ADORF,19
12,Erakond Eestimaa Rohelised,SVEN ARULAID,13
12,Sotsiaaldemokraatlik Erakond,INDREK TARAND,1061
12,Sotsiaaldemokraatlik Erakond,MADIS VESKIMÄGI,429
12,Sotsiaaldemokraatlik Erakond,KADRI-AIJA VIIK,358
12,Sotsiaaldemokraatlik Erakond,KALEV KALJUSTE,352
12,Sotsiaaldemokraatlik Erakond,MERCEDES MERIMAA,192
12,Sotsiaaldemokraatlik Erakond,TATJANA JAANSON,130
12,Sotsiaaldemokraatlik Erakond,JAAN KRINAL,100
12,Sotsiaaldemokraatlik Erakond,ANET TOMAŠPOLSKAJA,86
12,Sotsiaaldemokraatlik Erakond,REELIKA RÜÜTLI,72
12,Elurikkuse Erakond,MATI KOSE,270
12,Elurikkuse Erakond,AIVAR RUUKEL,149
12,Elurikkuse Erakond,TAUNO JÜRGENSTEIN,84
12,Elurikkuse Erakond,GRETE PERTEL,39
12,Elurikkuse Erakond,KERSTI REPPO,39
12,Elurikkuse Erakond,THEA PERM,39
12,Elurikkuse Erakond,TEHO PAULUS,4
12,Eesti Konservatiivne Rahvaerakond,MART HELME,9170
12,Eesti Konservatiivne Rahvaerakond,ALAR LANEMAN,673
12,Eesti Konservatiivne Rahvaerakond,HELLE KULLERKUPP,410
12,Eesti Konservatiivne Rahvaerakond,MEELIS MALK,312
12,Eesti Konservatiivne Rahvaerakond,KAIDI SUVISTE,239
12,Eesti Konservatiivne Rahvaerakond,SIIMO LOPSIK,234
12,Eesti Konservatiivne Rahvaerakond,HELDUR PAULSON,204
12,Eesti Konservatiivne Rahvaerakond,EDMOND PENU,174
12,Eesti Konservatiivne Rahvaerakond,ROBERT KIVISELG,159
12,Erakond Eesti 200,KADRI TALI,872
12,Erakond Eesti 200,JANNO KULDKEPP,159
12,Erakond Eesti 200,MATI TIIMUS,116
12,Erakond Eesti 200,TOOMAS PAJULA,67
12,Erakond Eesti 200,SIRJE NIITRA,64
12,Erakond Eesti 200,TARMO VALGEPEA,56
12,Erakond Eesti 200,SIGRIT ROOSILEHT,22
12,Erakond Eesti 200,MONIKA SIRULI,22
12,Erakond Eesti 200,JEVGENI GORLEVSKI,12
12,Eesti Keskerakond,KADRI SIMSON,5741
12,Eesti Keskerakond,MARKO ŠORIN,686
12,Eesti Keskerakond,MIKK PIKKMETS,585
12,Eesti Keskerakond,HILLAR TALVIK,277
12,Eesti Keskerakond,AVO KEEL,180
12,Eesti Keskerakond,KRISTA NÕMM,139
12,Eesti Keskerakond,ARDO AASA,106
12,Eesti Keskerakond,ANTS LOPSIK,102
12,Eesti Keskerakond,ANDRES ANNAST,97
12,Eestimaa Ühendatud Vasakpartei,VJATŠESLAV MAKARONSKI,41
12,Isamaa Erakond,ANDRES METSOJA,2228
12,Isamaa Erakond,LAURI LUUR,663
12,Isamaa Erakond,ELA TOMSON,501
12,Isamaa Erakond,KUNO ERKMANN,367
12,Isamaa Erakond,SIIM SUURSILD,301
12,Isamaa Erakond,URMAS AAVA,284
12,Isamaa Erakond,MEELIS KUKK,279
12,Isamaa Erakond,JAANUS PÕLDMAA,278
12,Isamaa Erakond,AARE ARVA,144
